{"weights_input_to_hidden_start": {"counts": [1, 0, 0, 0, 0, 0, 1, 0, 3, 1, 0, 2, 3, 5, 8, 10, 9, 16, 17, 29, 38, 59, 71, 74, 108, 124, 178, 219, 263, 285, 395, 441, 492, 599, 714, 810, 928, 1066, 1261, 1408, 1510, 1685, 1923, 1968, 2110, 2313, 2428, 2498, 2693, 2657, 2890, 2865, 2904, 2793, 2878, 2804, 2694, 2597, 2495, 2387, 2214, 2080, 1912, 1734, 1543, 1458, 1300, 1170, 1019, 861, 740, 648, 577, 436, 409, 335, 267, 215, 151, 137, 100, 93, 66, 52, 45, 25, 16, 16, 20, 11, 4, 4, 6, 2, 1, 0, 0, 1, 1, 1], "bin_edges": [-0.4832579338413006, -0.4740818544243845, -0.4649057750074684, -0.45572969559055226, -0.4465536161736362, -0.4373775367567201, -0.42820145733980397, -0.41902537792288785, -0.40984929850597174, -0.4006732190890556, -0.3914971396721395, -0.3823210602552234, -0.37314498083830727, -0.36396890142139116, -0.3547928220044751, -0.345616742587559, -0.33644066317064286, -0.32726458375372675, -0.31808850433681063, -0.30891242491989457, -0.29973634550297845, -0.29056026608606234, -0.2813841866691462, -0.2722081072522301, -0.263032027835314, -0.25385594841839787, -0.24467986900148175, -0.23550378958456566, -0.22632771016764958, -0.21715163075073346, -0.20797555133381734, -0.19879947191690123, -0.1896233924999851, -0.180447313083069, -0.17127123366615288, -0.16209515424923676, -0.15291907483232065, -0.14374299541540458, -0.13456691599848847, -0.12539083658157235, -0.11621475716465623, -0.10703867774774012, -0.097862598330824, -0.08868651891390789, -0.07951043949699182, -0.07033436008007571, -0.06115828066315959, -0.051982201246243476, -0.04280612182932736, -0.03363004241241124, -0.024453962995495127, -0.01527788357857901, -0.006101804161662894, 0.003074275255253167, 0.012250354672169284, 0.021426434089085455, 0.03060251350600146, 0.03977859292291758, 0.048954672339833694, 0.05813075175674981, 0.06730683117366593, 0.07648291059058204, 0.08565899000749816, 0.09483506942441428, 0.10401114884133039, 0.11318722825824651, 0.12236330767516262, 0.13153938709207874, 0.14071546650899486, 0.14989154592591097, 0.1590676253428271, 0.1682437047597432, 0.17741978417665932, 0.18659586359357533, 0.19577194301049144, 0.20494802242740756, 0.21412410184432368, 0.2233001812612398, 0.2324762606781559, 0.24165234009507203, 0.25082841951198814, 0.26000449892890426, 0.2691805783458204, 0.2783566577627365, 0.2875327371796526, 0.2967088165965687, 0.30588489601348484, 0.31506097543040096, 0.32423705484731696, 0.3334131342642331, 0.3425892136811492, 0.3517652930980653, 0.36094137251498143, 0.37011745193189755, 0.37929353134881366, 0.3884696107657298, 0.3976456901826459, 0.406821769599562, 0.4159978490164781, 0.42517392843339424, 0.43435000785031025]}, "weights_hidden_to_output_start": {"counts": [1, 0, 1, 0, 0, 0, 0, 0, 0, 0, 0, 0, 1, 0, 4, 3, 2, 2, 3, 5, 2, 0, 5, 4, 4, 7, 7, 7, 4, 6, 5, 10, 9, 15, 11, 5, 18, 15, 14, 14, 11, 16, 17, 18, 28, 23, 18, 22, 21, 25, 20, 26, 21, 26, 29, 20, 26, 22, 26, 26, 23, 24, 33, 19, 29, 17, 13, 24, 14, 10, 15, 14, 13, 19, 11, 6, 9, 8, 10, 7, 10, 5, 6, 3, 5, 4, 2, 5, 3, 2, 2, 1, 3, 2, 1, 0, 2, 0, 0, 1], "bin_edges": [-0.3461088608019924, -0.33975435102001783, -0.3333998412380433, -0.32704533145606873, -0.32069082167409413, -0.3143363118921196, -0.30798180211014503, -0.3016272923281705, -0.29527278254619593, -0.2889182727642214, -0.28256376298224684, -0.27620925320027223, -0.26985474341829774, -0.26350023363632313, -0.2571457238543486, -0.25079121407237404, -0.2444367042903995, -0.23808219450842494, -0.2317276847264504, -0.2253731749444758, -0.21901866516250126, -0.21266415538052671, -0.20630964559855214, -0.1999551358165776, -0.19360062603460304, -0.1872461162526285, -0.18089160647065394, -0.17453709668867937, -0.16818258690670482, -0.16182807712473027, -0.1554735673427557, -0.14911905756078114, -0.1427645477788066, -0.13641003799683205, -0.1300555282148575, -0.12370101843288292, -0.11734650865090837, -0.11099199886893382, -0.10463748908695925, -0.0982829793049847, -0.09192846952301015, -0.0855739597410356, -0.07921944995906105, -0.0728649401770865, -0.0665104303951119, -0.06015592061313735, -0.0538014108311628, -0.04744690104918825, -0.0410923912672137, -0.03473788148523915, -0.028383371703264604, -0.022028861921290055, -0.015674352139315506, -0.009319842357340902, -0.002965332575366353, 0.003389177206608196, 0.009743686988582745, 0.016098196770557294, 0.022452706552531843, 0.02880721633450639, 0.035161726116480996, 0.041516235898455545, 0.047870745680430093, 0.05422525546240464, 0.06057976524437919, 0.06693427502635374, 0.07328878480832829, 0.07964329459030284, 0.08599780437227739, 0.09235231415425199, 0.09870682393622654, 0.10506133371820109, 0.11141584350017564, 0.11777035328215019, 0.12412486306412474, 0.13047937284609928, 0.1368338826280739, 0.14318839241004844, 0.149542902192023, 0.15589741197399748, 0.16225192175597208, 0.1686064315379467, 0.17496094131992118, 0.18131545110189579, 0.18766996088387028, 0.19402447066584488, 0.20037898044781938, 0.20673349022979398, 0.21308800001176859, 0.21944250979374308, 0.22579701957571768, 0.23215152935769218, 0.23850603913966678, 0.24486054892164127, 0.2512150587036159, 0.25756956848559037, 0.263924078267565, 0.2702785880495396, 0.2766330978315141, 0.2829876076134887, 0.2893421173954632]}, "weights_input_to_hidden_end": {"counts": [1, 0, 0, 0, 0, 0, 1, 0, 2, 2, 1, 2, 2, 3, 7, 11, 13, 15, 16, 30, 41, 66, 69, 80, 108, 137, 166, 209, 295, 310, 403, 443, 478, 614, 762, 811, 949, 1119, 1302, 1370, 1556, 1723, 1966, 1975, 2160, 2315, 2515, 2548, 2613, 2717, 2851, 2886, 2917, 2864, 2809, 2865, 2656, 2610, 2403, 2410, 2143, 2077, 1862, 1700, 1578, 1420, 1256, 1170, 976, 820, 729, 594, 555, 432, 402, 311, 276, 192, 130, 138, 103, 73, 64, 56, 43, 25, 16, 13, 19, 8, 4, 6, 7, 2, 0, 0, 0, 1, 1, 1], "bin_edges": [-0.48332292700781754, -0.474145418969776, -0.4649679109317345, -0.455790402893693, -0.4466128948556515, -0.43743538681761, -0.4282578787795685, -0.419080370741527, -0.40990286270348547, -0.40072535466544396, -0.39154784662740244, -0.382370338589361, -0.37319283055131947, -0.36401532251327795, -0.35483781447523643, -0.3456603064371949, -0.3364827983991534, -0.3273052903611119, -0.3181277823230704, -0.30895027428502886, -0.29977276624698734, -0.29059525820894583, -0.28141775017090437, -0.27224024213286285, -0.26306273409482134, -0.2538852260567798, -0.2447077180187383, -0.23553020998069682, -0.22635270194265533, -0.21717519390461382, -0.2079976858665723, -0.1988201778285308, -0.18964266979048927, -0.18046516175244776, -0.17128765371440624, -0.16211014567636473, -0.1529326376383232, -0.14375512960028175, -0.13457762156224023, -0.12540011352419872, -0.1162226054861572, -0.10704509744811569, -0.09786758941007417, -0.08869008137203266, -0.0795125733339912, -0.07033506529594968, -0.06115755725790817, -0.05198004921986665, -0.04280254118182514, -0.03362503314378362, -0.024447525105742107, -0.015270017067700592, -0.006092509029659077, 0.003084999008382383, 0.012262507046423898, 0.02144001508446547, 0.030617523122506873, 0.03979503116054839, 0.048972539198589904, 0.05815004723663142, 0.06732755527467293, 0.07650506331271445, 0.08568257135075596, 0.09486007938879748, 0.104037587426839, 0.11321509546488051, 0.12239260350292203, 0.13157011154096354, 0.14074761957900506, 0.14992512761704657, 0.1591026356550881, 0.1682801436931296, 0.17745765173117112, 0.18663515976921252, 0.19581266780725404, 0.20499017584529555, 0.21416768388333707, 0.22334519192137858, 0.2325226999594201, 0.2417002079974616, 0.25087771603550313, 0.26005522407354464, 0.26923273211158616, 0.2784102401496277, 0.2875877481876692, 0.2967652562257107, 0.3059427642637522, 0.31512027230179374, 0.32429778033983514, 0.33347528837787666, 0.34265279641591817, 0.3518303044539597, 0.3610078124920012, 0.3701853205300427, 0.37936282856808423, 0.38854033660612575, 0.39771784464416726, 0.4068953526822088, 0.4160728607202503, 0.4252503687582918, 0.4344278767963334]},